Filename-->,fres400_280ms_15deg.RAW8,fres400_280ms_15deg_dark.RAW8,fres400_6ms.RAW8,fres400_6ms_dark.RAW8,IL400_5.5ms_15deg.RAW8,IL400_5.5ms_15deg_dark.RAW8,IL400_6ms.RAW8,IL400_6ms_dark.RAW8,water400_107ms.RAW8,water400_107ms_dark.RAW8,water400_2s_15deg.RAW8,water400_2s_15deg_dark.RAW8,fres200_1.4s_15deg.RAW8,fres200_1.4s_15deg_dark.RAW8,fres200_5ms_0deg.RAW8,fres200_5ms_0deg_dark.RAW8,IL200_4.5ms_15deg.RAW8,IL200_4.5ms_15deg_dark.RAW8,IL200_5.1ms_0deg.RAW8,IL200_5.1ms_0deg_dark.RAW8,water200_1.6s_15deg.RAW8,water200_1.6s_15deg_dark.RAW8,water200_73ms_0deg.RAW8,water200_73ms_0deg_dark.RAW8
Int.time[ms]-->,280.3145447,280.3145447,6.476144314,6.476144314,5.549795628,5.549795628,6.034845829,6.034845829,107.0538025,107.0538025,2024.007935,2024.007935,1357.346436,1357.346436,5.054951668,5.054951668,4.513449192,4.513449192,5.143992424,5.143992424,1565.496338,1565.496338,73.29917145,73.29917145
NrOfAverages-->,2.0,2.0,77.0,77.0,90.0,90.0,83.0,83.0,5.0,5.0,1.0,1.0,1.0,1.0,99.0,99.0,100.0,100.0,97.0,97.0,1.0,1.0,7.0,7.0
